title,link,published
donald trump and elon musk reunite at charlie kirk memorial,https://qz.com/donald-trump-elon-musk-meeting-charlie-kirk-memorial-sparks-truce?.tsrc=rss,"Mon, 22 Sep 2025 14:48:18 +0000"
stock market today dow falls as apple tesla gain on these calls obesity play rockets on pfizer move live coverage,https://finance.yahoo.com/m/296bfec4-debf-3635-a8f4-e936a36cf1b0/stock-market-today%3A-dow-falls.html?.tsrc=rss,"Mon, 22 Sep 2025 14:37:00 +0000"
tesla stock has soared this month heres why this analyst sees shares hitting record highs,https://finance.yahoo.com/m/460d6168-5fe9-3648-817e-fb77bcec0d4c/tesla-stock-has-soared-28%25.html?.tsrc=rss,"Mon, 22 Sep 2025 14:16:29 +0000"
these stocks are moving the most today oracle metsera pfizer kenvue fox coinbase anywhere real estate and more,https://finance.yahoo.com/m/aa1c2c35-1de6-36f2-af0d-6ce788575c55/these-stocks-are-moving-the.html?.tsrc=rss,"Mon, 22 Sep 2025 14:01:00 +0000"
tesla stock rises on another price target hike record highs are in sight,https://finance.yahoo.com/m/2f36145a-c051-3e2c-b192-f6a30c727062/tesla-stock-rises-on-another.html?.tsrc=rss,"Mon, 22 Sep 2025 13:58:00 +0000"
tesla digital transformation strategy analysis report innovation programs strategic technology initiatives partnerships and acquisitions,https://finance.yahoo.com/news/tesla-digital-transformation-strategy-analysis-133900265.html?.tsrc=rss,"Mon, 22 Sep 2025 13:39:00 +0000"
former security lead for teslas gigafactory network joins the nuclear company,https://finance.yahoo.com/news/former-security-lead-tesla-gigafactory-133500931.html?.tsrc=rss,"Mon, 22 Sep 2025 13:35:00 +0000"
how teslas robotaxi service looks months after launch,https://finance.yahoo.com/news/teslas-robotaxi-looks-3-months-131500653.html?.tsrc=rss,"Mon, 22 Sep 2025 13:15:00 +0000"
oracle appoints insiders clay magouyrk mike sicilia as coceos in surprise move,https://finance.yahoo.com/news/oracle-appoints-insiders-clay-magouyrk-121559145.html?.tsrc=rss,"Mon, 22 Sep 2025 12:15:59 +0000"
warren buffett just sold his entire stake in teslarival byd as profits fall and tariff questions rise,https://finance.yahoo.com/news/warren-buffett-just-sold-entire-113917609.html?.tsrc=rss,"Mon, 22 Sep 2025 11:39:17 +0000"
warren buffett dumps stake in chinese tesla rival amid bn exodus,https://uk.finance.yahoo.com/news/warren-buffett-dumps-stake-chinese-113905346.html?.tsrc=rss,"Mon, 22 Sep 2025 11:39:05 +0000"
electric vehicles update global market growth driven by sustainable mobility solutions,https://finance.yahoo.com/news/electric-vehicles-global-market-growth-103943935.html?.tsrc=rss,"Mon, 22 Sep 2025 10:39:43 +0000"
what recent developments mean for teslas growth story and analyst valuation outlook,https://finance.yahoo.com/news/recent-developments-mean-teslas-growth-102501544.html?.tsrc=rss,"Mon, 22 Sep 2025 10:25:01 +0000"
is now the right moment for byd after a stock drop,https://finance.yahoo.com/news/now-moment-byd-30-stock-102435569.html?.tsrc=rss,"Mon, 22 Sep 2025 10:24:35 +0000"
stocks set to retreat from record highs us pce inflation data and powells remarks awaited,https://www.barchart.com/story/news/34949816/stocks-set-to-retreat-from-record-highs-u-s-pce-inflation-data-and-powells-remarks-awaited?.tsrc=rss,"Mon, 22 Sep 2025 10:08:02 +0000"
musks robotaxi plans for san francisco alarmed confused regulators emails show,https://finance.yahoo.com/news/musks-robotaxi-plans-san-francisco-100623469.html?.tsrc=rss,"Mon, 22 Sep 2025 10:06:23 +0000"
tesla stock continues to climb this catalyst makes its growth path sustainable,https://www.fool.com/investing/2025/09/22/industrials-hot-ticker-stock-continues-to-climb-bu/?.tsrc=rss,"Mon, 22 Sep 2025 07:34:00 +0000"
big tech stocks hold steady after trump visa fees crackdown,https://finance.yahoo.com/news/big-tech-shares-steady-trump-063324397.html?.tsrc=rss,"Mon, 22 Sep 2025 06:33:24 +0000"
warren buffetts berkshire hathaway exits chinas byd filing shows,https://finance.yahoo.com/news/warren-buffett-berkshire-hathaway-exits-044746726.html?.tsrc=rss,"Mon, 22 Sep 2025 04:47:46 +0000"
the us is forfeiting the cleanenergy race to china,https://finance.yahoo.com/m/b1e943a0-7a30-36f7-ac38-43e34d3ccb41/the-u.s.-is-forfeiting-the.html?.tsrc=rss,"Mon, 22 Sep 2025 03:00:00 +0000"
